{"stats":{"minecraft:dropped":{"minecraft:firework_star":80,"minecraft:sea_lantern":1,"minecraft:lever":4,"minecraft:light_blue_stained_glass":1,"minecraft:repeater":2,"minecraft:light_blue_carpet":7,"minecraft:smooth_quartz":4,"minecraft:white_carpet":3,"minecraft:stone_bricks":1,"minecraft:glass":2,"minecraft:redstone":7,"minecraft:firework_rocket":62},"minecraft:picked_up":{"minecraft:redstone":8,"minecraft:white_carpet":3,"minecraft:glass":1,"minecraft:lever":1,"minecraft:light_blue_carpet":6,"minecraft:smooth_quartz":1},"minecraft:used":{"minecraft:light_blue_carpet":7,"minecraft:glass":11,"minecraft:lever":18,"minecraft:sea_lantern":20,"minecraft:command_block":2,"minecraft:redstone":34,"minecraft:string":96,"minecraft:cyan_carpet":12,"minecraft:smooth_quartz":91,"minecraft:stone_bricks":3,"minecraft:blue_carpet":12,"minecraft:green_carpet":12,"minecraft:red_carpet":15,"minecraft:repeater":13,"minecraft:orange_carpet":12,"minecraft:white_carpet":36,"minecraft:crafting_table":2,"minecraft:yellow_carpet":12,"minecraft:purple_carpet":13,"minecraft:light_blue_stained_glass":18},"minecraft:crafted":{"minecraft:firework_star":176,"minecraft:firework_rocket":624},"minecraft:custom":{"minecraft:time_since_rest":10636,"minecraft:sprint_one_cm":1120,"minecraft:damage_taken":1680,"minecraft:walk_one_cm":9729,"minecraft:drop":32,"minecraft:interact_with_crafting_table":4,"minecraft:fly_one_cm":303337,"minecraft:crouch_one_cm":2550,"minecraft:play_one_minute":68041,"minecraft:deaths":6,"minecraft:sneak_time":2949,"minecraft:jump":50,"minecraft:leave_game":7,"minecraft:time_since_death":10611,"minecraft:inspect_dispenser":67}},"DataVersion":2586}